<?xml version="1.0" encoding="UTF-8" ?>
<!DOCTYPE mapper PUBLIC "-//mybatis.org//DTD Mapper 3.0//EN"
 "http://mybatis.org/dtd/mybatis-3-mapper.dtd">

<mapper namespace="org.census.personnel.dataModel.mybatis.xml.PositionsMapper">
 <!-- Thus directive enables second level cashing. -->
 <cache readOnly="true"/>

 <!--
  Про значение атрибута parameterType: если в запрос необходимо передать одно значение (не важно, примитивного типа или
  класс), то значение атрибута -> parameterType="[type|class]", если же необходимо передать несколько значений, то
  значение -> parameterType="map". В обоих случаях параметры описываются в интерфейсе, связанном с данным маппером.
 -->

 <!-- select all positions -->
 <select id="findAllPositions" parameterType="boolean" resultMap="Position">
  select * from positions <if test="active">where deleted = 0</if>
 </select>
 <!-- select one position -->
 <select id="findPositionById" parameterType="map" resultMap="Position">
  select * from positions where id =#{id} <if test="active">and deleted = 0</if>
 </select>

 <!-- insert new position -->
 <insert id="insertPosition" parameterType="org.census.personnel.dataModel.dto.PositionDTO"
         useGeneratedKeys="true" keyColumn="id">
  insert into positions(name, weight, comment, updateUser, deleted)
   values(#{name}, #{weight}, #{comment}, #{updateUser}, #{deleted})
 </insert>

 <!-- update position -->
 <update id="updatePosition">
  update positions set where id =
 </update>
 <!-- delete position (set deleted=1) -->
 <update id="deletePosition">
  update positions set deleted = 1 where id =
 </update>
 <!-- undelete position (set deleted=0) -->
 <update id="undeletePosition">
  update positions set deleted = 0 where id =
 </update>
 <!-- физическое удаление записи из таблицы -->
 <update id="physRemovePosition" parameterType="int">
  delete from positions where id = #{id}
 </update>

 <!-- result map (maps select result to PositionDTO constructor) -->
 <resultMap id="Position" type="org.census.personnel.dataModel.dto.PositionDTO"/>

</mapper>