<!DOCTYPE hibernate-configuration SYSTEM "http://www.hibernate.org/dtd/hibernate-configuration-3.0.dtd">
 <hibernate-configuration>
  <session-factory>
   <property name="hibernate.connection.driver_class">com.mysql.jdbc.Driver</property>
   <property name="hibernate.connection.url">jdbc:mysql://localhost:3306/census</property>
   <property name="hibernate.connection.username">root</property>
   <property name="hibernate.connection.password">mysql</property>
   <property name="hibernate.dialect">org.hibernate.dialect.MySQL5InnoDBDialect</property>
   <!-- Use the C3P0 connection pool provider -->
   <property name="hibernate.c3p0.min_size">5</property>
   <property name="hibernate.c3p0.max_size">20</property>
   <property name="hibernate.c3p0.timeout">300</property>
   <property name="hibernate.c3p0.max_statements">50</property>
   <property name="hibernate.c3p0.idle_test_period">3000</property>
   <!-- Show and print nice SQL on stdout -->
   <property name="show_sql">true</property>
   <!--<property name="format_sql">true</property>-->

   <!-- Auto export DB schema to real DB at project starts. -->
   <!--<property name="hibernate.hbm2ddl.auto">create</property>-->

   <!-- List of XML mapping files -->
   <mapping resource="org/census/personnel/dataModel/hibernate/PositionDTO.hbm.xml"/>

   <!-- List of annotated classes -->
   <mapping class="org.census.personnel.dataModel.dto.PositionDTOAnnotated"/>

  </session-factory>
 </hibernate-configuration>