<?xml version="1.0" encoding="UTF-8"?>
<beans xmlns="http://www.springframework.org/schema/beans"
       xmlns:xsi="http://www.w3.org/2001/XMLSchema-instance"
       xsi:schemaLocation="http://www.springframework.org/schema/beans
                           http://www.springframework.org/schema/beans/spring-beans.xsd">

 <!-- Простой контроллер - регистрируем в виде бина -->
 <bean id="freemarkerViewController" class="org.census.personnel.web.controllers.PositionsFreemarkerViewController">
  <property name="mapper" ref="positionsMapper"/>
 </bean>
 <!-- Простой контроллер - регистрируем в виде бина -->
 <bean id="jspViewController" class="org.census.personnel.web.controllers.PositionsJspViewController">
  <property name="mapper" ref="positionsMapper"/>
 </bean>

 <!-- Handler mapping - SimpleUrlHandlerMapping. Самый простой класс-маппер запросов на контроллеры -->
 <bean id="simpleUrlMapping" class="org.springframework.web.servlet.handler.SimpleUrlHandlerMapping">
  <property name="order" value="0"/>
  <property name="mappings">
   <props>
    <prop key="homeFreemarker.htm">freemarkerViewController</prop>
    <prop key="homeJsp.htm">jspViewController</prop>
   </props>
  </property>
 </bean>

 <!-- Spring handler mapping (2) -->
 <!--<bean id="controllerClassNameMapping" class="org.springframework.web.servlet.mvc.support.ControllerClassNameHandlerMapping">-->
  <!--<property name="order" value="1"/>-->
 <!--</bean>-->

 <!-- Spring handler mapping (3) -->
 <!--<bean id="beanNameUrlMapping" class="org.springframework.web.servlet.handler.BeanNameUrlHandlerMapping">-->
  <!--<property name="order" value="2"/>-->
 <!--</bean>-->

 <!-- Бин-конфигуратор темплейт-движка FreeMarker -->
 <bean id="freemarkerConfig" class="org.springframework.web.servlet.view.freemarker.FreeMarkerConfigurer">
  <property name="templateLoaderPath" value="/freemarker"/>
 </bean>

 <!-- Конфигуратор представлений (view resolver) для темплейт-движка FreeMarker -->
 <bean id="freeMarkerViewResolver" class="org.springframework.web.servlet.view.freemarker.FreeMarkerViewResolver">
  <property name="cache" value="false"/>
  <property name="prefix" value=""/>
  <property name="suffix" value=".ftl"/>
  <property name="contentType" value="text/html; charset=windows-1251"/>
  <property name="exposeSpringMacroHelpers" value="true"/>
  <property name="order" value="1"/>
 </bean>

 <!--
  Конфигуратор представлений Spring (стандартный). Этот конфигуратор выполняет самое последнее определение
  представления для отображения.
 -->
 <bean id="viewResolver" class="org.springframework.web.servlet.view.InternalResourceViewResolver">
  <property name="prefix" value="/jsp/"/>
  <property name="suffix" value=".jsp"/>
  <property name="order" value="2"/>
 </bean>

</beans>